time,S_half
0.0,-4.440892098500627e-16
0.1,3.7297260198916344e-06
0.2,0.0001733149251019554
0.30000000000000004,0.0014995581297290465
0.4,0.006426262112001781
0.5,0.01851309055538244
0.6000000000000001,0.04106332939110113
0.7000000000000001,0.07537388846923823
0.8,0.11949514547567064
0.9,0.168117563379804
1.0,0.2136858638242102
1.1,0.2483747076296436
1.2000000000000002,0.2663010763916164
1.3,0.26531493719279525
1.4000000000000001,0.24784686276251644
1.5,0.22051175685200547
1.6,0.1923689712809324
1.7000000000000002,0.1719627816668215
1.8,0.1640020676097244
1.9000000000000001,0.1677493180465717
2.0,0.17852198239756756
2.1,0.19080881466582045
2.2,0.20063080049164
2.3000000000000003,0.20636557662505128
2.4000000000000004,0.2084533444338506
2.5,0.20864137861281373
2.6,0.20928758286278165
2.7,0.2129755816542057
2.8000000000000003,0.2223312856047372
2.9000000000000004,0.2396720991713991
3.0,0.2663347585951478
3.1,0.3019410431482924
3.2,0.34397592820125694
3.3000000000000003,0.38796310750931423
3.4000000000000004,0.4283268246206695
3.5,0.45975521171470385
3.6,0.4786684905787059
3.7,0.48432035550902247
3.8000000000000003,0.4791272031564004
3.9000000000000004,0.46800944041252485
4.0,0.4568337667470148
4.1000000000000005,0.45044951991197874
4.2,0.4511538174566408
4.3,0.45833054025194675
4.4,0.46933711133006056
4.5,0.4809790855398186
4.6000000000000005,0.4907589161134394
4.7,0.49747805144792434
4.800000000000001,0.5012430965389567
4.9,0.5031727084805825
5.0,0.5050887486056559
5.1000000000000005,0.5092874178531956
5.2,0.5182633562831002
5.300000000000001,0.5341900431855177
5.4,0.5581519833047195
5.5,0.5894382748463031
5.6000000000000005,0.625311218116813
5.7,0.6614550830027622
5.800000000000001,0.6930047721862268
5.9,0.7158452907170477
6.0,0.7277914305197785
6.1000000000000005,0.7292702922481477
6.2,0.7232291590568773
6.300000000000001,0.7141867864684289
6.4,0.706684242731147
6.5,0.7037922180104799
6.6000000000000005,0.706368548783021
6.7,0.713292776738654
6.800000000000001,0.7223603706289504
6.9,0.7313119355428935
7.0,0.7385918996054709
7.1000000000000005,0.7436759337766672
7.2,0.7470297280063448
7.300000000000001,0.7498833838178051
7.4,0.7539807578611437
7.5,0.7613304140634582
7.6000000000000005,0.7738730434200979
7.7,0.792992274486324
7.800000000000001,0.8189357693885009
7.9,0.8503853747006838
8.0,0.884442191939086
8.1,0.9171299493114605
8.200000000000001,0.9443029305278099
8.3,0.962713680639316
8.4,0.9709486226829818
8.5,0.969913128009609
8.6,0.962616005969494
8.700000000000001,0.9532109365567659
8.8,0.9455841218923595
8.9,0.942094539541814
9.0,0.9430670552851498
9.1,0.9471924435630361
9.200000000000001,0.952462700051322
9.3,0.9570953339133812
9.4,0.9600973722708062
9.5,0.9614141242091183
9.600000000000001,0.9617998597895125
9.700000000000001,0.9625933962174921
9.8,0.9654976101704026
9.9,0.9723279134493513
10.0,0.9846371772445833
10.100000000000001,1.0032199613899926
10.200000000000001,1.0276505587885327
10.3,1.056072343452363
10.4,1.085395115039291
10.5,1.1119065439817915
10.600000000000001,1.1321426435467388
10.700000000000001,1.1437540282914986
10.8,1.1460980634707005
10.9,1.1403838994555673
11.0,1.1293325684373774
11.100000000000001,1.1164210017679754
11.200000000000001,1.1048781890767179
11.3,1.096761740151689
11.4,1.0925265846256633
11.5,1.0912835146184112
11.600000000000001,1.09153629457975
11.700000000000001,1.091950445653879
11.8,1.0918184479406867
11.9,1.0911655102037525
12.0,1.0906296761934116
12.100000000000001,1.0912861827663478
12.200000000000001,1.0944949191824132
12.3,1.1017025553463196
12.4,1.114085481061514
12.5,1.13205244026465
12.600000000000001,1.15480743719691
12.700000000000001,1.1802229947209084
12.8,1.2051556181232128
12.9,1.226148744067971
13.0,1.2403077482772065
13.100000000000001,1.2460576288316556
13.200000000000001,1.2435440723705602
13.3,1.2345638460130088
13.4,1.222038955216096
13.5,1.2091694999707623
13.600000000000001,1.1985218306632184
13.700000000000001,1.1913947262318674
13.8,1.187724167881165
13.9,1.186516759985862
14.0,1.1865267561942843
14.100000000000001,1.1868287492224927
14.200000000000001,1.1870979564670892
14.3,1.1876110622736546
14.4,1.1890931647093839
14.5,1.1925314287325532
14.600000000000001,1.198999285222704
14.700000000000001,1.2094524298653477
14.8,1.2244521240013833
14.9,1.243842203968372
15.0,1.2664978996176397
15.100000000000001,1.2903019410995322
15.200000000000001,1.312451891543341
15.3,1.3300580603141479
15.4,1.3408604485659668
15.5,1.343838293256856
15.600000000000001,1.3395183070069872
15.700000000000001,1.3298677927239915
15.8,1.3177731428784154
15.9,1.3062314096382477
16.0,1.2975141072060534
16.1,1.2926278884234483
16.2,1.2912907697558131
16.3,1.2923835014562064
16.400000000000002,1.2945949370810468
16.5,1.296957958167185
16.6,1.2991334946140072
16.7,1.301458565892696
16.8,1.3048265258211802
16.900000000000002,1.3104519580891
17.0,1.3195478371971567
17.1,1.3329483008903096
17.2,1.3507499539555585
17.3,1.372082524821821
17.400000000000002,1.395114571430816
17.5,1.417333628206682
17.6,1.4360479209744683
17.7,1.4489808813130167
17.8,1.4547960326421292
17.900000000000002,1.4534155814159997
18.0,1.4460550059025814
18.1,1.4349476062762847
18.2,1.4228004650823638
18.3,1.4121034657686882
18.400000000000002,1.4045110215386276
18.5,1.4005402269760217
18.6,1.3996960750557836
18.7,1.4009168010536717
18.8,1.4030993505438427
18.900000000000002,1.4054980437827702
19.0,1.4079282310595749
19.1,1.4108066406056172
19.200000000000003,1.4150578076657547
19.3,1.4218827265857275
19.400000000000002,1.4323907847226096
19.5,1.4471602161706538
19.6,1.4658706560441797
19.700000000000003,1.4871697878781422
19.8,1.508849839997274
19.900000000000002,1.5282925134856065
20.0,1.5430488216943952
20.1,1.5513956155756796
20.200000000000003,1.5527161078884766
20.3,1.5476188169543568
20.400000000000002,1.53778173780108
20.5,1.5255600498798985
20.6,1.5134347822103047
20.700000000000003,1.5034245690666233
20.8,1.4966450166455594
20.900000000000002,1.4931979463377114
21.0,1.4924246670191712
21.1,1.4933589250716564
21.200000000000003,1.4951465803243047
21.3,1.4973073104051011
21.400000000000002,1.4998489793260117
21.5,1.5032777330433111
21.6,1.5085041124485157
21.700000000000003,1.516606523797542
21.8,1.5284488506248035
21.900000000000002,1.544239721399724
22.0,1.5632141144499732
22.1,1.5836138533229862
22.200000000000003,1.6030179525263246
22.3,1.6189091922349932
22.400000000000002,1.6292721939875046
22.5,1.633031550766498
22.6,1.630234027130913
22.700000000000003,1.6219810668409367
22.8,1.6101686759886735
22.900000000000002,1.5970840028683968
23.0,1.5849054954904975
23.1,1.5752159753515258
23.200000000000003,1.568708262229116
23.3,1.565208407699488
23.400000000000002,1.563986049861007
23.5,1.5641734389818365
23.6,1.5651078650031927
23.700000000000003,1.5665235636436472
23.8,1.568612997325949
23.900000000000002,1.5719958009796606
24.0,1.577596878400348
24.1,1.5863904405411187
24.200000000000003,1.598997016127135
24.3,1.6152497727948134
24.400000000000002,1.6339470704683676
24.5,1.6529694710616745
24.6,1.6697590081075202
24.700000000000003,1.68198095503378
24.8,1.6881107923525265
24.900000000000002,1.6877587882392997
25.0,1.681671012051306
25.1,1.671466374889496
25.200000000000003,1.6592328839533896
25.3,1.6470869635500247
25.400000000000002,1.636753184316531
25.5,1.6292350948435095
25.6,1.624695867304491
25.700000000000003,1.6226219243165207
25.8,1.6221887638547148
25.900000000000002,1.6226432816152523
26.0,1.6235555884862103
26.1,1.6249012266834346
26.200000000000003,1.6270331068628272
26.3,1.630603396745663
26.400000000000002,1.6364293223171
26.5,1.6452564508706267
26.6,1.6574173810790878
26.700000000000003,1.6724862071368247
26.8,1.6891140865675198
26.900000000000002,1.705200694904322
27.0,1.7183939763419498
27.1,1.7267253201921051
27.200000000000003,1.7291343442889644
27.3,1.7257150689351284
27.400000000000002,1.717631863427571
27.5,1.7067655096074656
27.6,1.6952219030073024
27.700000000000003,1.6848519623367206
27.8,1.6768907986903354
27.900000000000002,1.6717926966786885
28.0,1.669297454637978
28.1,1.6687000698020424
28.200000000000003,1.6692132893752563
28.3,1.6702751148167216
28.400000000000002,1.671709913240081
28.5,1.6737389386344885
28.6,1.6768856972275836
28.700000000000003,1.6818239144272962
28.8,1.6891978491146895
28.900000000000002,1.6994024563261845
29.0,1.7123336897340695
29.1,1.7271879091951823
29.200000000000003,1.742435229992104
29.3,1.756053078553806
29.400000000000002,1.7659875046455171
29.5,1.7706960078935456
29.6,1.7695781429734638
29.700000000000003,1.7631431521901275
29.8,1.7528697122091184
29.900000000000002,1.7408071530153097
30.0,1.729041016279461
30.1,1.7191891487969424
30.200000000000003,1.7120929422476534
30.3,1.7077984821757082
30.400000000000002,1.7057881616811892
30.5,1.7053245168575115
30.6,1.7057657543067437
30.700000000000003,1.7067728120281496
30.8,1.7083889077838006
30.900000000000002,1.7110102828895881
31.0,1.7152701286775163
31.1,1.7218473707583797
31.200000000000003,1.7312180429678872
31.3,1.7433949700670501
31.400000000000002,1.7577402214286026
31.5,1.7729379469564956
31.6,1.7871690640846183
31.700000000000003,1.7984587791124693
31.8,1.8051132588172611
31.900000000000002,1.8061317010794147
32.0,1.801474976189267
32.1,1.792103967497747
32.2,1.7797665504105942
32.300000000000004,1.7665730314848682
32.4,1.7544626886245211
32.5,1.7447292257565299
32.6,1.7377937608237306
32.7,1.733319080022388
32.800000000000004,1.730580317323717
32.9,1.7288815200989127
33.0,1.7278310883283314
33.1,1.7274278035385184
33.2,1.7280139734132132
33.300000000000004,1.7301626235023386
33.4,1.7345323346741428
33.5,1.7416888024688333
33.6,1.7518872955649238
33.7,1.7648466663521136
33.800000000000004,1.7796045459844485
33.9,1.7945577562063058
34.0,1.807720963491982
34.1,1.8171445154562436
34.2,1.8213742330470843
34.300000000000004,1.8198082986341153
34.4,1.812845818055997
34.5,1.8017894017158949
34.6,1.7885397461269823
34.7,1.7751563583480108
34.800000000000004,1.7633711292622747
34.9,1.7541825130403568
35.0,1.747697623837496
35.1,1.7433221552566847
35.2,1.7402040259272653
35.300000000000004,1.737688738379482
35.4,1.7355883254916005
35.5,1.734215404211427
35.6,1.734238662990352
35.7,1.7364472539126226
35.800000000000004,1.7415002086599551
35.9,1.7497149951826922
36.0,1.760925715271615
36.1,1.7744081545090693
36.2,1.7888801048008185
36.300000000000004,1.8026279667636556
36.4,1.813793024184884
36.5,1.82076673967321
36.6,1.8225723548067054
36.7,1.8191072153761572
36.800000000000004,1.8111724090899566
36.9,1.800281868725083
37.0,1.788302746190568
37.1,1.7769984003368917
37.2,1.7675885860674705
37.300000000000004,1.7604902859846863
37.4,1.7553501359093595
37.5,1.751354112190403
37.6,1.7476634303474938
37.7,1.7437919579669643
37.800000000000004,1.7398231972996923
37.9,1.7364305080950628
38.0,1.7346958875647953
38.1,1.7357721480913322
38.2,1.740492876785194
38.300000000000004,1.7490636796836827
38.400000000000006,1.7609238300727188
38.5,1.774794063880493
38.6,1.7888834097316562
38.7,1.8012118248132272
38.800000000000004,1.809999826600723
38.900000000000006,1.8140531259043826
39.0,1.8130303953706797
39.1,1.8075067802820368
39.2,1.7988128597991708
39.300000000000004,1.7887131817513504
39.400000000000006,1.779006235991237
39.5,1.771098001306769
39.6,1.7656446113872486
39.7,1.762433072285259
39.800000000000004,1.7605886585786357
39.900000000000006,1.7590052775222222
40.0,1.7567998785467733
40.1,1.7536344513941986
40.2,1.7498479636549924
40.300000000000004,1.7464176983249118
40.400000000000006,1.7447436978226003
40.5,1.7462500056729533
40.6,1.7518911018695018
40.7,1.7617517160363432
40.800000000000004,1.7749077169237277
40.900000000000006,1.7895872140868831
41.0,1.8035562287596736
41.1,1.8146060279471763
41.2,1.8210317771866336
41.300000000000004,1.8219980184068205
41.400000000000006,1.8177062621935425
41.5,1.8093195527437484
41.6,1.7986709622386416
41.7,1.7878482895268624
41.800000000000004,1.7787369752913011
41.900000000000006,1.772587571441378
42.0,1.7697226950590559
42.1,1.7695495181144965
42.2,1.7709140584148282
42.300000000000004,1.772601639380549
42.400000000000006,1.773748389367438
42.5,1.774067499463312
42.6,1.7739162567633682
42.7,1.7742367651709272
42.800000000000004,1.7763464442473218
42.900000000000006,1.7815461123832315
43.0,1.7906254851204746
43.1,1.8034548219491704
43.2,1.8188528835073043
43.300000000000004,1.834791210656395
43.400000000000006,1.8488632379078898
43.5,1.8588387574471417
43.6,1.8631735925929882
43.7,1.8613620720031665
43.800000000000004,1.8540337341620492
43.900000000000006,1.8427635972081602
44.0,1.8296659095483372
44.1,1.816920065519609
44.2,1.8063480501771396
44.300000000000004,1.7990879813315628
44.400000000000006,1.7954000968835957
44.5,1.7946995174471083
44.6,1.7958789222650753
44.7,1.7978021538485802
44.800000000000004,1.7997180523784428
44.900000000000006,1.8014403054851003
45.0,1.803327646819442
45.1,1.806150463921239
45.2,1.810874903198951
45.300000000000004,1.818359280993327
45.400000000000006,1.8289925978262729
45.5,1.8423774432203475
45.6,1.8572064713170535
45.7,1.8714398323137829
45.800000000000004,1.8827616529316935
45.900000000000006,1.8891661261374122
46.0,1.8894777803563452
46.1,1.883644146752922
46.2,1.872734576415504
46.300000000000004,1.8586766373296837
46.400000000000006,1.843794661709265
46.5,1.830289810188559
46.6,1.8197957033511947
46.7,1.813092148039947
46.800000000000004,1.8100339898317042
46.900000000000006,1.8097394952142944
47.0,1.8110034634966994
47.1,1.812783851727159
47.2,1.814551349787327
47.300000000000004,1.8163633847601175
47.400000000000006,1.8187161234032778
47.5,1.822338448750234
47.6,1.827997396106012
47.7,1.8362800720982224
47.800000000000004,1.8473131850348243
47.900000000000006,1.8604807279391748
48.0,1.874310941408989
48.1,1.8866792944223374
48.2,1.895306602302896
48.300000000000004,1.8983730530448926
48.400000000000006,1.8950265154107353
48.5,1.8856243710714222
48.6,1.8716607369077947
48.7,1.8554189294585446
48.800000000000004,1.8394521728711786
48.900000000000006,1.8260125606418598
49.0,1.8165666737629298
49.1,1.811542337185064
49.2,1.8103731134207832
49.300000000000004,1.8118203501434038
49.400000000000006,1.8144755415026235
49.5,1.8172532452815808
49.6,1.8196763912349154
49.7,1.8218903082947142
49.800000000000004,1.824482452910281
49.900000000000006,1.8282197378523615
50.0,1.8337955154220968
50.1,1.8416282362746117
50.2,1.851686348047349
50.300000000000004,1.8633333128522498
50.400000000000006,1.8752663104417464
50.5,1.8856451630094826
50.6,1.8924667006029068
50.7,1.894096254620534
50.800000000000004,1.8897622512774368
50.900000000000006,1.8798381688294574
51.0,1.8658174860589132
51.1,1.8499784167142954
51.2,1.8348280248600592
51.300000000000004,1.8224761262295062
51.400000000000006,1.814129443645992
51.5,1.8098965568445824
51.6,1.8089808437776125
51.7,1.8101475423551632
51.800000000000004,1.8122232412685204
51.900000000000006,1.8144420514680246
52.0,1.8165765092262594
52.1,1.818896695860315
52.2,1.8220075979163002
52.300000000000004,1.82659182060099
52.400000000000006,1.8331230153453466
52.5,1.8416804199334489
52.6,1.8519067891955405
52.7,1.8630245271081087
52.800000000000004,1.8738436949299273
52.900000000000006,1.882843958995251
53.0,1.8884322441396446
53.1,1.8893601339303403
53.2,1.8851485388492106
53.300000000000004,1.8763300046929907
53.400000000000006,1.8644042056057328
53.5,1.8515099491508034
53.6,1.8398785683874197
53.7,1.8312219027999697
53.800000000000004,1.8262966019804932
53.900000000000006,1.8248599869418654
54.0,1.825990501853969
54.1,1.8285490827432769
54.2,1.8315797729394587
54.300000000000004,1.8345697626368531
54.400000000000006,1.8375581297891952
54.5,1.8410559684912067
54.6,1.845794907163813
54.7,1.8523671972241371
54.800000000000004,1.8609064739826677
54.900000000000006,1.8709935808016218
55.0,1.8818113943479373
55.1,1.8923658980785871
55.2,1.901618835546457
55.300000000000004,1.908554533442625
55.400000000000006,1.912279246196438
55.5,1.9122145448965324
55.6,1.908326477264883
55.7,1.9012555323197242
55.800000000000004,1.8922538660530357
55.900000000000006,1.8829295376528283
56.0,1.8748559474975786
56.1,1.869169854943764
56.2,1.8663232900910336
56.300000000000004,1.8661110657344968
56.400000000000006,1.8679224986826173
56.5,1.871031361112878
56.6,1.8748042760639554
56.7,1.878845688127005
56.800000000000004,1.8830988590661715
56.900000000000006,1.8878434463445128
57.0,1.8935346189355597
57.1,1.9005246880390374
57.2,1.908806887405494
57.300000000000004,1.9179328319376465
57.400000000000006,1.9271316301138077
57.5,1.9354910428444607
57.6,1.9421007674004738
57.7,1.9461798604462568
57.800000000000004,1.947222521175359
57.900000000000006,1.9451376523223924
58.0,1.940329646496702
58.1,1.9336747739064923
58.2,1.926372858064569
58.300000000000004,1.9196766003456853
58.400000000000006,1.9145472360932625
58.5,1.9113736083193225
58.6,1.9099611239844707
58.7,1.9098017771627915
58.800000000000004,1.9104092964295183
58.900000000000006,1.9115272384167719
59.0,1.9131667336809728
59.1,1.915540962790009
59.2,1.9189639312795144
59.300000000000004,1.9237282415507173
59.400000000000006,1.9299673829139778
59.5,1.9375199008505024
59.6,1.9458666769488269
59.7,1.9542057736869471
59.800000000000004,1.961640124098866
59.900000000000006,1.9673658850626705
60.0,1.9708046172042424
60.1,1.97167949984179
60.2,1.9700293349477844
60.300000000000004,1.9661957224594397
60.400000000000006,1.9608133790146964
60.5,1.9547778064704564
60.6,1.949108112477357
60.7,1.944654396796761
60.800000000000004,1.9417696837378853
60.900000000000006,1.9401988084483803
61.0,1.9392989676468384
61.1,1.938430721415321
61.2,1.9372828518034362
61.300000000000004,1.9359922541582661
61.400000000000006,1.9350634381942349
61.5,1.9351651977730029
61.6,1.936877998552106
61.7,1.9404681094668645
61.800000000000004,1.945777718130615
61.900000000000006,1.9522492442151296
62.0,1.959030298159673
62.1,1.9651330709946635
62.2,1.9696468930112585
62.300000000000004,1.971947160591522
62.400000000000006,1.9718141016672412
62.5,1.9694367671247892
62.6,1.965324002198573
62.7,1.9601488627433903
62.800000000000004,1.9546147964892895
62.900000000000006,1.9494059555860244
63.0,1.945152752886633
63.1,1.9422857005382024
63.2,1.9407944450219163
63.300000000000004,1.9401281077957655
63.400000000000006,1.9394322978984553
63.5,1.938004376838618
63.6,1.935663920647239
63.7,1.932837440426016
63.800000000000004,1.93035510715099
63.900000000000006,1.9291293672274852
64.0,1.9298418196967757
64.10000000000001,1.932676752056899
64.2,1.9371974380542707
64.3,1.9424647278029736
64.4,1.9473191307772608
64.5,1.9506769575906908
64.60000000000001,1.9517647870404515
64.7,1.9502721786102184
64.8,1.9463889903011313
64.9,1.940703348743335
65.0,1.9339935178501997
65.10000000000001,1.9270070327793152
65.2,1.9203108150672648
65.3,1.9142594889979998
65.4,1.909052707693537
65.5,1.9047585042950732
65.60000000000001,1.901249167816128
65.7,1.898154693455895
65.8,1.8949716561376373
65.9,1.8913322111782924
66.0,1.8872767494247293
66.10000000000001,1.8833578002044655
66.2,1.8805040486605966
66.3,1.879686047034885
66.4,1.8815080376693623
66.5,1.8858902941870137
66.60000000000001,1.8919948855607152
66.7,1.8984267039959501
66.8,1.9036055728398282
66.9,1.9061699674986088
67.0,1.9053045458219542
67.10000000000001,1.9009211129366859
67.2,1.8936469648448584
67.3,1.8846260622223872
67.4,1.875202791842078
67.5,1.8665877679934781
67.60000000000001,1.8595970483855866
67.7,1.8545207979376328
67.8,1.8511459021505514
67.9,1.8488854962425978
68.0,1.846940074381703
68.10000000000001,1.8444942626723115
68.2,1.8409864181946554
68.3,1.8363817885581963
68.4,1.8312891400956348
68.5,1.8268149308892572
68.60000000000001,1.8241857606287502
68.7,1.8242892037266922
68.8,1.8273254636618723
68.9,1.8326992629280427
69.0,1.839169093301813
69.10000000000001,1.8451611033184419
69.2,1.8491200453236951
69.3,1.8498327962279866
69.4,1.8466894948744539
69.5,1.8398261182301305
69.60000000000001,1.830097489346
69.7,1.8188669696897721
69.8,1.8076593299970978
69.9,1.7977884873452363
70.0,1.7900857100280627
70.10000000000001,1.784792466574344
70.2,1.7816054650664614
70.3,1.7797846742550447
70.4,1.778306477087075
70.5,1.7761488143135324
70.60000000000001,1.7727159287824503
70.7,1.768218841052161
70.8,1.7637422242646603
70.9,1.7608641713903477
71.0,1.760970937781081
71.10000000000001,1.7646356733193365
71.2,1.7713618342710689
71.3,1.7797558394017006
71.4,1.7879793819868446
71.5,1.794241053339441
71.60000000000001,1.797162007442172
71.7,1.7959838250214804
71.8,1.7906197222752551
71.9,1.7815901552206708
72.0,1.7698859954176698
72.10000000000001,1.7567889882748426
72.2,1.743669053146197
72.3,1.7317754983461284
72.4,1.7220539459148088
72.5,1.715025115287076
72.60000000000001,1.7107131601338295
72.7,1.7086204676906833
72.8,1.707809591909599
72.9,1.7072029504676214
73.0,1.7060975728479904
73.10000000000001,1.7046297967028063
73.2,1.703848844819481
73.3,1.7053056281473002
73.4,1.7103426677078022
73.5,1.71943763468311
73.60000000000001,1.7318719275989527
73.7,1.745841560823888
73.8,1.7589711827091976
73.9,1.7689963471371615
74.0,1.7743250362575442
74.10000000000001,1.7743263110453864
74.2,1.7693566350724348
74.3,1.7605692000386315
74.4,1.7495453412378865
74.5,1.7378699867744265
74.60000000000001,1.7268467927568827
74.7,1.7174256008844468
74.8,1.7102656402181071
74.9,1.705760204736218
75.0,1.7039330693240042
75.10000000000001,1.7042887230798074
75.2,1.7058227523082037
75.3,1.7073397278810236
75.4,1.7080062826693156
75.5,1.7078471143550666
75.60000000000001,1.7078556406766043
75.7,1.7096122589487714
75.8,1.7145919003681875
75.9,1.7234583216944042
76.0,1.735632173125337
76.10000000000001,1.7493214947608677
76.2,1.7620416239921912
76.3,1.7713909545596467
76.4,1.7757379057673703
76.5,1.774579205158186
76.60000000000001,1.7685193048876293
76.7,1.7589504658257875
76.80000000000001,1.747590656980098
76.9,1.7360892217295565
77.0,1.7258072991226814
77.10000000000001,1.7177717763924025
77.2,1.7126941655774115
77.30000000000001,1.7108853877747934
77.4,1.712043160767649
77.5,1.7151487715936724
77.60000000000001,1.7187182793816425
77.7,1.7213668871875547
77.80000000000001,1.722417599234608
77.9,1.7222542179010545
78.0,1.7222499169771042
78.10000000000001,1.724270829638605
78.2,1.7299252873594226
78.30000000000001,1.7398298251997841
78.4,1.753164928633603
78.5,1.767741713182607
78.60000000000001,1.7806627591154194
78.7,1.7892917961054722
78.80000000000001,1.7920134840462425
78.9,1.7885498230056147
79.0,1.779868093771513
79.10000000000001,1.7678083323239797
79.2,1.754584454814589
79.30000000000001,1.742308318688481
79.4,1.7326493444030215
79.5,1.726649258757548
79.60000000000001,1.724637577320565
79.7,1.726201760074818
79.80000000000001,1.7302698527587568
79.9,1.735386982225517
80.0,1.7401557224407433
80.10000000000001,1.7436952809543742
80.2,1.745982175372658
80.30000000000001,1.7479516057604827
80.4,1.7512551058993528
80.5,1.7576610379723911
80.60000000000001,1.768273270755077
80.7,1.7828976286286484
80.80000000000001,1.7998626039272547
80.9,1.8164005875098617
81.0,1.8294446041969064
81.10000000000001,1.836517903509217
81.2,1.8363976611227555
81.30000000000001,1.8293722898493567
81.4,1.8170768895432456
81.5,1.8020136434378549
81.60000000000001,1.7869214006653138
81.7,1.7741644063266397
81.80000000000001,1.765300295811627
81.9,1.7609104393099266
82.0,1.7606705318169529
82.10000000000001,1.7635624460344426
82.2,1.76816217903815
82.30000000000001,1.772988522683934
82.4,1.776885887746618
82.5,1.7793720249944165
82.60000000000001,1.7808545612010345
82.7,1.7826084179599238
82.80000000000001,1.786414166767291
82.9,1.7938725021482378
83.0,1.805630639742106
83.10000000000001,1.8209122998918503
83.2,1.8375962288174512
83.30000000000001,1.8527542888597883
83.4,1.8634273004484252
83.5,1.867403471825741
83.60000000000001,1.8637738881410366
83.7,1.8531321961244747
83.80000000000001,1.8373903898523318
83.9,1.8192795115234837
84.0,1.801675803687998
84.10000000000001,1.786939215134952
84.2,1.7764738363415187
84.30000000000001,1.7706466380042423
84.4,1.7689896527402031
84.5,1.7704909266815418
84.60000000000001,1.773861374222837
84.7,1.777814197164216
84.80000000000001,1.7813771085678658
84.9,1.784191155914272
85.0,1.7867166859206935
85.10000000000001,1.7902026645445483
85.2,1.796306096812719
85.30000000000001,1.806387633968388
85.4,1.8207702193961663
85.5,1.8383448158466595
85.60000000000001,1.8567033676207547
85.7,1.872727875287656
85.80000000000001,1.8834135717670353
85.9,1.8866582578139108
86.0,1.8818066790565071
86.10000000000001,1.8698053652325004
86.2,1.8529409693903076
86.30000000000001,1.8342612838012728
86.4,1.8168371543461226
86.5,1.8030506806401962
86.60000000000001,1.7941318274710378
86.7,1.790101851561995
86.80000000000001,1.7900629730959694
86.9,1.792672008985579
87.0,1.7966061669079576
87.10000000000001,1.8008417271396409
87.2,1.8047800774496574
87.30000000000001,1.8083176982476954
87.4,1.811913555846715
87.5,1.816570343653819
87.60000000000001,1.8235784059403708
87.7,1.8339907875784784
87.80000000000001,1.8480330074958553
87.9,1.8647500312393812
88.0,1.8820419951106626
88.10000000000001,1.897092799159313
88.2,1.9070880250838147
88.30000000000001,1.9100151343537395
88.4,1.905270535374899
88.5,1.89384330671255
88.60000000000001,1.878036599672842
88.7,1.8608478103463573
88.80000000000001,1.8452067037215205
88.9,1.8332792250133099
89.0,1.8260277836925156
89.10000000000001,1.823185225291604
89.2,1.823643663675066
89.30000000000001,1.8260265818110997
89.4,1.8291535339338028
89.5,1.8322582406896923
89.60000000000001,1.83501445229069
89.7,1.837523135360934
89.80000000000001,1.8403419871733133
89.9,1.8444537992939578
90.0,1.8510018520034228
90.10000000000001,1.8607912945648943
90.2,1.8737723206856438
90.30000000000001,1.888780600903212
90.4,1.9036636818019104
90.5,1.9157521377832742
90.60000000000001,1.922557531470963
90.7,1.9225054785006435
90.80000000000001,1.915437646827122
90.9,1.902678022685989
91.0,1.8866530081993313
91.10000000000001,1.8702205288157956
91.2,1.8559357391430717
91.30000000000001,1.845473342316674
91.4,1.8393662372149158
91.5,1.8371091924164586
91.60000000000001,1.8375573287827867
91.7,1.8394266065274427
91.80000000000001,1.8416939403755637
91.9,1.8437917533494574
92.0,1.8456228644612678
92.10000000000001,1.847512654550793
92.2,1.850176277475148
92.30000000000001,1.8546231503274748
92.4,1.8618586197823417
92.5,1.8723898794832412
92.60000000000001,1.8857680448723944
92.7,1.900441118340443
92.80000000000001,1.9140134478796784
92.9,1.9238014600992532
93.0,1.9275514311990196
93.10000000000001,1.9241217259704533
93.2,1.91387273872737
93.30000000000001,1.898586834007721
93.4,1.8809537626048707
93.5,1.863829986852166
93.60000000000001,1.849514115262784
93.7,1.839270578117377
93.80000000000001,1.8332377719883417
93.9,1.8306938493856721
94.0,1.8305024240303391
94.10000000000001,1.8315433705236357
94.2,1.8330001933049296
94.30000000000001,1.8344746982392344
94.4,1.8359969699166632
94.5,1.8380242029522815
94.60000000000001,1.841428241209523
94.7,1.8473336036787522
94.80000000000001,1.8566920923077104
94.9,1.8697296983756522
95.0,1.8855939294015889
95.10000000000001,1.9023795175524125
95.2,1.917505693307156
95.30000000000001,1.9283185223777393
95.4,1.9327822242882147
95.5,1.9300736336518372
95.60000000000001,1.9208512056947653
95.7,1.907082551873799
95.80000000000001,1.8915030848665502
95.9,1.8768955103763671
96.0,1.86538007140683
96.10000000000001,1.8579253609249802
96.2,1.8542923218429144
96.30000000000001,1.853430568140003
96.4,1.854081144587302
96.5,1.8552817398520585
96.60000000000001,1.8566030727403338
96.7,1.8581320484873325
96.80000000000001,1.8603164588298402
96.9,1.8638051167636942
97.0,1.8693324631879542
97.10000000000001,1.8775727659439867
97.2,1.8889022629582706
97.30000000000001,1.9031136736195415
97.4,1.9192459796177734
97.5,1.9356396540940206
97.60000000000001,1.9502145861471483
97.7,1.9609133147769866
97.80000000000001,1.966207539952511
97.9,1.965528273047304
98.0,1.9594601276143477
98.10000000000001,1.9496182386721377
98.2,1.9382541076645976
98.30000000000001,1.9276974146185533
98.4,1.919762463039687
98.5,1.915300746816372
98.60000000000001,1.9140982655469598
98.7,1.9151867966503757
98.80000000000001,1.917390233237575
98.9,1.919804529487139
99.0,1.9220447668167377
99.10000000000001,1.9242554281246964
99.2,1.926957248052064
99.30000000000001,1.9308363549874352
99.4,1.936555471811899
99.5,1.944589752977231
99.60000000000001,1.9550436840267362
99.7,1.9674930438198661
99.80000000000001,1.9809292761591903
99.9,1.9938833098659237
100.0,2.0047102191754695
100.10000000000001,2.011944574763896
100.2,2.014640649581743
100.30000000000001,2.012618276754867
100.4,2.00654175208308
100.5,1.9978021247529947
100.60000000000001,1.9882110124549652
100.7,1.9795689399717755
100.80000000000001,1.9732216795953783
100.9,1.9697650933961364
101.0,1.9690362002311752
101.10000000000001,1.9703700118264948
101.2,1.972963435842071
101.30000000000001,1.9761783604088439
101.4,1.979699287869458
101.5,1.9835481944876743
101.60000000000001,1.988003799992846
101.7,1.9934790945003793
101.80000000000001,2.000376605572462
101.9,2.0089233416762164
102.0,2.0189989790395204
102.10000000000001,2.0300162472122834
102.2,2.0409542049362885
102.30000000000001,2.050565855659536
102.4,2.057665508019429
102.5,2.061396634892468
102.60000000000001,2.0614157073019244
102.7,2.0579684562253417
102.80000000000001,2.0518475610859674
102.9,2.04422300228727
103.0,2.0363743900995623
103.10000000000001,2.02940554788677
103.2,2.024031320911625
103.30000000000001,2.020500536242287
103.4,2.018664150771498
103.5,2.0181561996479873
103.60000000000001,2.018617229557564
103.7,2.019856226977346
103.80000000000001,2.0218912758250336
103.9,2.0248924103641226
104.0,2.029105129130918
104.10000000000001,2.0347877995666606
104.2,2.0421177202324063
104.30000000000001,2.0510366213186924
104.4,2.0611068562593218
104.5,2.0714773391500887
104.60000000000001,2.081010982991506
104.7,2.088526876582828
104.80000000000001,2.0930642217566513
104.9,2.0941127568843583
105.0,2.091738039931513
105.10000000000001,2.086541620762318
105.2,2.079509789061458
105.30000000000001,2.071814242364054
105.4,2.064575211204409
105.5,2.0586235232580807
105.60000000000001,2.0543497242454376
105.7,2.0517181194846805
105.80000000000001,2.0504237940142747
105.9,2.050078710851127
106.0,2.0503682332600732
106.10000000000001,2.051177317615433
106.2,2.052621585257448
106.30000000000001,2.0549838894690606
106.4,2.0586069116323635
106.5,2.063770240807019
106.60000000000001,2.070546284396344
106.7,2.0786566437861564
106.80000000000001,2.087396549775522
106.9,2.095712084123775
107.0,2.1024346914042873
107.10000000000001,2.106581342920767
107.2,2.107599244008795
107.30000000000001,2.1054732549788793
107.4,2.1006901756657617
107.5,2.094107054554381
107.60000000000001,2.0867666264617113
107.7,2.0797233184392825
107.80000000000001,2.073886468635934
107.9,2.06986498526351
108.0,2.067855954904419
108.10000000000001,2.0676529625703886
108.2,2.0687683192538997
108.30000000000001,2.070604645175378
108.4,2.0726324341824474
108.5,2.0745526636067817
108.60000000000001,2.076410884742191
108.7,2.078612361568956
108.80000000000001,2.0818150652400402
108.9,2.0866742574022177
109.0,2.093493207444287
109.10000000000001,2.101951990716996
109.2,2.1110561716851444
109.30000000000001,2.1193650435547418
109.4,2.1254147881752457
109.5,2.1281496582938253
109.60000000000001,2.127198925410975
109.7,2.1229271777813
109.80000000000001,2.116275385009636
109.9,2.108485294668853
110.0,2.1008203565893755
110.10000000000001,2.094342340764521
110.2,2.0897487468270546
110.30000000000001,2.0872835602049955
110.4,2.0867408585999794
110.5,2.087606087800421
110.60000000000001,2.089267359641267
110.7,2.0911884854408385
110.80000000000001,2.093017836050458
110.9,2.0946668528282193
111.0,2.096362556925361
111.10000000000001,2.098631686252474
111.2,2.1021661059771044
111.30000000000001,2.107562362752055
111.4,2.1150022954013146
111.5,2.1240139207035194
111.60000000000001,2.1334620309188237
111.7,2.1418260657307604
111.80000000000001,2.147663100795492
111.9,2.150033926633109
112.0,2.148700724646911
112.10000000000001,2.144070190831312
112.2,2.1370101659703904
112.30000000000001,2.128678501950474
112.4,2.1203593542524306
112.5,2.113237007939759
112.60000000000001,2.10811508311916
112.7,2.105233714374052
112.80000000000001,2.10431320590395
112.9,2.1047840107110956
113.0,2.10601521667427
113.10000000000001,2.107427457401713
113.2,2.1085608643539846
113.30000000000001,2.1092075600375724
113.4,2.109583104519997
113.5,2.1104003820524846
113.60000000000001,2.112704724938532
113.7,2.117445129721797
113.80000000000001,2.1249542997006263
113.9,2.1346205500402133
114.0,2.1449533648987313
114.10000000000001,2.154035431879184
114.2,2.1601421333174664
114.30000000000001,2.1622502168900732
114.4,2.1602347265918307
114.5,2.1547461649385946
114.60000000000001,2.1469291941344584
114.7,2.138159545281247
114.80000000000001,2.1298261159802676
114.9,2.123060291720143
115.0,2.118431819088122
115.10000000000001,2.115820163550677
115.2,2.1146172379533836
115.30000000000001,2.1141291823592603
115.4,2.1138724399479702
115.5,2.113595511225453
115.60000000000001,2.113163044485137
115.7,2.1125354520219433
115.80000000000001,2.111921415975462
115.9,2.1119476861100916
116.0,2.113594727816149
116.10000000000001,2.117792870746721
116.2,2.1248480831450944
116.30000000000001,2.134067414533236
116.4,2.143842095456099
116.5,2.1521426433601656
116.60000000000001,2.1571776689679236
116.7,2.1579292842582163
116.80000000000001,2.1543589313929425
116.9,2.1472658439424874
117.0,2.1379496582249677
117.10000000000001,2.127869347032652
117.2,2.1183724663067216
117.30000000000001,2.110455219081258
117.4,2.104543740765288
117.5,2.100429670407572
117.60000000000001,2.0974965998644812
117.7,2.0951303311928826
117.80000000000001,2.093010705571805
117.9,2.091116541449352
118.0,2.089555527429341
118.10000000000001,2.088455850466112
118.2,2.088038187793156
118.30000000000001,2.0887722797704473
118.4,2.0913709623230066
118.5,2.0964790306178354
118.60000000000001,2.104177515931377
118.7,2.1136533261727903
118.80000000000001,2.1232893928998124
118.9,2.1311256202302005
119.0,2.1354643698700597
119.10000000000001,2.1353772750153874
119.2,2.1309549765769495
119.30000000000001,2.123230538227418
119.4,2.1138584273848826
119.5,2.1046520651582825
119.60000000000001,2.0971044098281393
119.7,2.091996951345695
119.80000000000001,2.089198762112885
119.9,2.087790631442275
120.0,2.086574750987817
